-- Demo academic dataset seed (SQLite)

DROP TABLE IF EXISTS exam_tasks;
DROP TABLE IF EXISTS student_records_target;
DROP TABLE IF EXISTS student_records_source;

CREATE TABLE student_records_source (
  student_id TEXT,
  first_name TEXT,
  last_name TEXT,
  email TEXT,
  department TEXT,
  admission_year INTEGER,
  score INTEGER,
  status TEXT,
  due_date TEXT,
  completed_at TEXT
);

CREATE TABLE student_records_target (
  student_id TEXT,
  first_name TEXT,
  last_name TEXT,
  email TEXT,
  department TEXT,
  admission_year INTEGER,
  score INTEGER,
  status TEXT,
  due_date TEXT,
  completed_at TEXT
);

CREATE TABLE exam_tasks (
  task_id TEXT,
  owner TEXT,
  checkpoint TEXT,
  status TEXT,
  due_date TEXT,
  completed_at TEXT,
  priority TEXT
);

INSERT INTO student_records_source VALUES
('STU001','Alice','Nguyen','alice.nguyen@example.edu','Computer Science',2022,78,'open','2025-04-10','2025-04-08'),
('STU002','Bob','Mensah','bob.mensah@example.edu','Mathematics',2022,92,'open','2025-04-09',NULL),
('STU003','Chidi','Okoro','chidi.okoro@example.edu','Physics',2021,NULL,'open','2025-04-07',NULL),
('STU004','Diana','Smith','diana.smith@example.edu','Chemistry',2022,65,'closed','2025-04-06','2025-04-10'),
('STU005','Emeka','Johnson','emeka.j@example.edu','Biology',2020,44,'open','2025-04-08','2025-04-12'),
('STU006','Fatima','Bello','fatima.bello@example.edu','Statistics',2023,81,'open','2025-04-11',NULL),
('STU007','Grace','Adeyemi','grace.adeyemi@example.edu','Economics',2021,88,'completed','2025-04-12','2025-04-11'),
('STU008','Hamza','Yusuf','hamza.yusuf@example.edu','Computer Engineering',2022,73,'in_progress','2025-04-13',NULL),
('STU009','Ifeoma','Udo','ifeoma.udo@example.edu','Information Systems',2020,95,'completed','2025-04-08','2025-04-08'),
('STU010','Jacob','Obi','jacob.obi@example.edu','Civil Engineering',2021,59,'open','2025-04-05',NULL),
('STU010','Jacob','Obi','jacob.obi.alt@example.edu','Civil Engineering',2021,59,'open','2025-04-05',NULL),
('STU011','Kemi','Afolabi','kemi.afolabi@example.edu','Accounting',2023,67,'open','2025-04-14',NULL),
('STU012','Luis','Gomez','luis.gomez@example.edu','Mechanical Engineering',2022,83,'closed','2025-04-03','2025-04-01'),
('STU013','Mary','Nwosu','mary.nwosu@example.edu','Law',2023,0,'open','2025-04-15',NULL),
('STU014','Nia','Patel','nia.patel@example.edu','Nursing',2024,91,'completed','2025-04-10','2025-04-10'),
('STU015','Omar','Farouk','omar.farouk@example.edu','Architecture',2021,48,'pending_review','2025-04-09',NULL),
('STU016','Priya','Singh','priya.singh@example.edu','Computer Science',2024,76,'in_progress','2025-04-16',NULL),
('STU017','Qiang','Lee','qiang.lee@example.edu','Data Science',2023,85,'open','2025-04-18',NULL),
('STU018','Ruth','Danjuma','ruth.danjuma@example.edu','Public Administration',2022,62,'closed','2025-04-04','2025-04-05'),
('STU019','Samuel','Eze','samuel.eze@example.edu','Nursing',2020,54,'open','2025-04-07','2025-04-09'),
('STU020','Tolu','Ibrahim','tolu.ibrahim@example.edu','Cybersecurity',2024,89,'completed','2025-04-17','2025-04-15'),
('STU021','Uche','Okafor',NULL,'Computer Science',2022,72,'open','2025-04-11',NULL),
('STU022','Vera','Chen','vera.chen@example.edu',NULL,2021,79,'open','2025-04-12',NULL),
('STU023','Will','Brown','will.brown@example.edu','Mathematics',2022,-4,'open','2025-04-12',NULL),
('STU024','Xena','Ali','xena.ali@example.edu','Physics',2022,106,'open','2025-04-12',NULL),
('STU027','Amina','Garba','amina.garba@example.edu','Geology',2019,58,'open','2025-03-29',NULL),
('STU028','Ben','Olatunji','ben.olatunji@example.edu','Economics',2018,74,'completed','2025-03-18','2025-03-17'),
('STU029','Celine','Audu','celine.audu@example.edu','Microbiology',2020,69,'in_progress','2025-04-22',NULL),
('STU030','David','Ekpo','david.ekpo@example.edu','Statistics',2017,83,'completed','2025-02-14','2025-02-14'),
('STU031','Esi','Boateng','esi.boateng@example.edu','Law',2021,47,'open','2025-04-23',NULL),
('STU032','Faruq','Salami','faruq.salami@example.edu','Computer Science',2023,93,'completed','2025-04-04','2025-04-02'),
('STU033','Gina','Okeke','gina.okeke@example.edu','Accounting',2022,51,'closed','2025-03-30','2025-04-03'),
('STU034','Hassan','Bukar','hassan.bukar@example.edu','Physics',2024,64,'open','2025-04-24',NULL),
('STU035','Iris','Mensima','iris.mensima@example.edu','Civil Engineering',2021,86,'in_progress','2025-04-25',NULL),
('STU036','Jide','Kolawole','jide.kolawole@example.edu','Public Administration',2020,39,'open','2025-04-21','2025-04-24'),
('STU037','Khadija','Lawal','khadija.lawal@example.edu','Nursing',2024,88,'completed','2025-04-19','2025-04-18'),
('STU038','Lekan','Aina','lekan.aina@example.edu','Information Systems',2019,71,'open','2025-04-26',NULL),
('STU039','Mona','Raji','mona.raji@example.edu','Biology',2023,NULL,'open','2025-04-27',NULL),
('STU040','Nuru','Idris','nuru.idris@example.edu','Cybersecurity',2022,97,'completed','2025-04-28','2025-04-28');

INSERT INTO student_records_target VALUES
('STU001','Alice','Nguyen','alice.nguyen@example.edu','Computer Science',2022,78,'closed','2025-04-10','2025-04-08'),
('STU002','Bob','Mensah','bob.mensah@example.edu','Mathematics',2022,90,'open','2025-04-09',NULL),
('STU003','Chidi','Okoro','chidi.okoro@example.edu','Physics',2021,56,'open','2025-04-07',NULL),
('STU004','Diana','Smith','diana.smith@example.edu','Chemistry',2022,65,'closed','2025-04-06','2025-04-10'),
('STU006','Fatima','Bello','fatima.bello@example.edu','Statistics',2023,81,'open','2025-04-11',NULL),
('STU007','Grace','Adeyemi','grace.adeyemi@example.edu','Economics',2021,88,'completed','2025-04-12','2025-04-11'),
('STU008','Hamza','Yusuf','hamza.yusuf@example.edu','Computer Engineering',2022,75,'in_progress','2025-04-13',NULL),
('STU009','Ifeoma','Udo','ifeoma.udo@example.edu','Information Systems',2020,95,'completed','2025-04-08','2025-04-08'),
('STU011','Kemi','Afolabi','kemi.afolabi@example.edu','Accounting',2023,67,'open','2025-04-14',NULL),
('STU012','Luis','Gomez','luis.gomez@example.edu','Mechanical Engineering',2022,83,'closed','2025-04-03','2025-04-01'),
('STU013','Mary','Nwosu','mary.nwosu@example.edu','Law',2023,52,'open','2025-04-15',NULL),
('STU014','Nia','Patel','nia.patel@example.edu','Nursing',2024,91,'completed','2025-04-10','2025-04-10'),
('STU016','Priya','Singh','priya.singh@example.edu','Computer Science',2024,76,'open','2025-04-16',NULL),
('STU017','Qiang','Lee','qiang.lee@example.edu','Data Science',2023,85,'open','2025-04-18',NULL),
('STU018','Ruth','Danjuma','ruth.danjuma@example.edu','Public Administration',2022,62,'closed','2025-04-04','2025-04-05'),
('STU019','Samuel','Eze','samuel.eze@example.edu','Nursing',2020,54,'open','2025-04-07','2025-04-09'),
('STU020','Tolu','Ibrahim','tolu.ibrahim@example.edu','Cybersecurity',2024,89,'completed','2025-04-17','2025-04-15'),
('STU022','Vera','Chen','vera.chen@example.edu','Information Systems',2021,79,'open','2025-04-12',NULL),
('STU025','Yara','Abbas','yara.abbas@example.edu','Architecture',2024,84,'open','2025-04-19',NULL),
('STU026','Zain','Adeniji','zain.adeniji@example.edu','Physics',2023,77,'open','2025-04-20',NULL),
('STU028','Ben','Olatunji','ben.olatunji@example.edu','Economics',2018,74,'completed','2025-03-18','2025-03-17'),
('STU030','David','Ekpo','david.ekpo@example.edu','Statistics',2017,83,'completed','2025-02-14','2025-02-14'),
('STU032','Faruq','Salami','faruq.salami@example.edu','Computer Science',2023,93,'completed','2025-04-04','2025-04-02'),
('STU034','Hassan','Bukar','hassan.bukar@example.edu','Physics',2024,64,'open','2025-04-24',NULL),
('STU035','Iris','Mensima','iris.mensima@example.edu','Civil Engineering',2021,86,'in_progress','2025-04-25',NULL),
('STU037','Khadija','Lawal','khadija.lawal@example.edu','Nursing',2024,88,'completed','2025-04-19','2025-04-18'),
('STU038','Lekan','Aina','lekan.aina@example.edu','Information Systems',2019,71,'open','2025-04-26',NULL),
('STU040','Nuru','Idris','nuru.idris@example.edu','Cybersecurity',2022,97,'completed','2025-04-28','2025-04-28'),
('STU041','Peter','Ajayi','peter.ajayi@example.edu','Electrical Engineering',2023,82,'open','2025-04-29',NULL),
('STU042','Queen','Aremu','queen.aremu@example.edu','Mass Communication',2024,75,'open','2025-04-30',NULL);

INSERT INTO exam_tasks VALUES
('TSK001','Ops Team','Device Compliance','open','2025-04-08',NULL,'high'),
('TSK002','Invigilation','Hall Readiness','in_progress','2025-04-10',NULL,'medium'),
('TSK003','Network Team','CCTV Connectivity','completed','2025-04-07','2025-04-06','high'),
('TSK004','Support Team','Biometric Calibration','open','2025-04-09',NULL,'high'),
('TSK005','Facilities','Power Backup Check','completed','2025-04-05','2025-04-07','medium'),
('TSK006','Audit Desk','Evidence Packet Review','open','2025-04-11',NULL,'low'),
('TSK007','Admissions Office','Applicant Identity Recheck','in_progress','2025-04-12',NULL,'high'),
('TSK008','Results Unit','Grade Sheet Consolidation','open','2025-04-13',NULL,'high'),
('TSK009','Registry','Result Approval Pack Assembly','open','2025-04-14',NULL,'high'),
('TSK010','Database Team','Result Backup Verification','completed','2025-04-09','2025-04-09','medium'),
('TSK011','QA Desk','Anomaly Revalidation','open','2025-04-10',NULL,'medium'),
('TSK012','Security Team','Exam Hall Access Audit','completed','2025-04-08','2025-04-08','high'),
('TSK013','Compliance Unit','CCTV Evidence Hashing','open','2025-04-15',NULL,'medium'),
('TSK014','IT Support','Biometric Device Firmware Check','in_progress','2025-04-16',NULL,'high'),
('TSK015','Reporting Team','Leadership KPI Snapshot','open','2025-04-17',NULL,'medium'),
('TSK016','Helpdesk','Candidate Ticket Clearance','completed','2025-04-11','2025-04-12','low'),
('TSK017','Network Team','Switch Port Validation','open','2025-04-12',NULL,'medium'),
('TSK018','Ops Team','Exam Script Pickup Chain Log','open','2025-04-18',NULL,'low'),
('TSK019','Admissions Office','Offer Letter Dispatch','completed','2025-03-24','2025-03-23','medium'),
('TSK020','Registry','Matric List Final Check','open','2025-04-19',NULL,'high'),
('TSK021','Database Team','Transcript Export Validation','in_progress','2025-04-20',NULL,'medium'),
('TSK022','Compliance Unit','Invigilator Attendance Sign-off','open','2025-04-21',NULL,'medium'),
('TSK023','Facilities','Generator Fuel Confirmation','completed','2025-04-06','2025-04-06','low'),
('TSK024','QA Desk','Exception Case Board Review','open','2025-04-22',NULL,'high'),
('TSK025','Network Team','LAN Redundancy Drill','completed','2025-02-18','2025-02-18','medium'),
('TSK026','Security Team','Visitor Access Log Reconciliation','open','2025-04-23',NULL,'medium'),
('TSK027','Support Team','Candidate Device Whitelist Audit','in_progress','2025-04-24',NULL,'high'),
('TSK028','Reporting Team','Senate Summary Pack','open','2025-04-25',NULL,'high'),
('TSK029','Audit Desk','Archive Evidence Bundle','open','2025-04-26',NULL,'low'),
('TSK030','Ops Team','Contingency Venue Drill','completed','2024-11-07','2024-11-06','medium');
